{"tweet":[{"created_at":"Thu Mar 06 03:31:24 +0000 2014","id":441415725232570400,"id_str":"441415725232570369","text":"여자친구 만나러 가는데.. 만나자마자 끌어안으면 싫어하려나..","source":"<a href=\"http://twitter.com/download/android\" rel=\"nofollow\">Twitter for Android</a>","truncated":false,"in_reply_to_status_id":null,"in_reply_to_status_id_str":null,"in_reply_to_user_id":null,"in_reply_to_user_id_str":null,"in_reply_to_screen_name":null,"user":{"id":550990671,"id_str":"550990671","name":"리카","screen_name":"rikkazzing","location":"","url":null,"description":"하아.. 뭔가 하실말씀이라도?","protected":false,"followers_count":29,"friends_count":33,"listed_count":0,"created_at":"Wed Apr 11 11:24:29 +0000 2012","favourites_count":2,"utc_offset":null,"time_zone":null,"geo_enabled":false,"verified":false,"statuses_count":1259,"lang":"ko","contributors_enabled":false,"is_translator":false,"is_translation_enabled":false,"profile_background_color":"C0DEED","profile_background_image_url":"http://abs.twimg.com/images/themes/theme1/bg.png","profile_background_image_url_https":"https://abs.twimg.com/images/themes/theme1/bg.png","profile_background_tile":false,"profile_image_url":"http://pbs.twimg.com/profile_images/441130826202226688/KaGiNe9f_normal.jpeg","profile_image_url_https":"https://pbs.twimg.com/profile_images/441130826202226688/KaGiNe9f_normal.jpeg","profile_banner_url":"https://pbs.twimg.com/profile_banners/550990671/1394008758","profile_link_color":"0084B4","profile_sidebar_border_color":"C0DEED","profile_sidebar_fill_color":"DDEEF6","profile_text_color":"333333","profile_use_background_image":true,"default_profile":true,"default_profile_image":false,"following":null,"follow_request_sent":null,"notifications":null},"geo":null,"coordinates":null,"place":null,"contributors":null,"retweet_count":0,"favorite_count":0,"entities":{"hashtags":[],"symbols":[],"urls":[],"user_mentions":[]},"favorited":false,"retweeted":false,"filter_level":"medium","lang":"ko"},{"created_at":"Thu Mar 06 03:31:24 +0000 2014","id":441415725228367900,"id_str":"441415725228367872","text":"PR: 豪華賞品が当たる試乗キャンペーン 実施中！:  Jeep車にご試乗後、コメントを投稿頂いた方に抽選で豪華賞品をプレゼントします。 Ads by Trend Match http://t.co/7MIFCAN0mX","source":"<a href=\"http://twitterfeed.com\" rel=\"nofollow\">twitterfeed</a>","truncated":false,"in_reply_to_status_id":null,"in_reply_to_status_id_str":null,"in_reply_to_user_id":null,"in_reply_to_user_id_str":null,"in_reply_to_screen_name":null,"user":{"id":198698151,"id_str":"198698151","name":"しげちゃん","screen_name":"sigetyan904","location":"京都","url":"http://tinyurl.com/magonotame","description":"可愛い孫にランドセルと学習机を＾＾","protected":false,"followers_count":1990,"friends_count":2102,"listed_count":9,"created_at":"Tue Oct 05 00:41:16 +0000 2010","favourites_count":0,"utc_offset":32400,"time_zone":"Irkutsk","geo_enabled":false,"verified":false,"statuses_count":290279,"lang":"ja","contributors_enabled":false,"is_translator":false,"is_translation_enabled":false,"profile_background_color":"C0DEED","profile_background_image_url":"http://abs.twimg.com/images/themes/theme1/bg.png","profile_background_image_url_https":"https://abs.twimg.com/images/themes/theme1/bg.png","profile_background_tile":false,"profile_image_url":"http://abs.twimg.com/sticky/default_profile_images/default_profile_1_normal.png","profile_image_url_https":"https://abs.twimg.com/sticky/default_profile_images/default_profile_1_normal.png","profile_link_color":"0084B4","profile_sidebar_border_color":"C0DEED","profile_sidebar_fill_color":"DDEEF6","profile_text_color":"333333","profile_use_background_image":true,"default_profile":true,"default_profile_image":true,"following":null,"follow_request_sent":null,"notifications":null},"geo":null,"coordinates":null,"place":null,"contributors":null,"retweet_count":0,"favorite_count":0,"entities":{"hashtags":[],"symbols":[],"urls":[{"url":"http://t.co/7MIFCAN0mX","expanded_url":"http://bit.ly/1eZ4NKX","display_url":"bit.ly/1eZ4NKX","indices":[88,110]}],"user_mentions":[]},"favorited":false,"retweeted":false,"possibly_sensitive":false,"filter_level":"medium","lang":"ja"},{"created_at":"Thu Mar 06 03:31:24 +0000 2014","id":441415725241352200,"id_str":"441415725241352192","text":"I do it better. http://t.co/QDi9xdxU27","source":"<a href=\"http://twitter.com/download/android\" rel=\"nofollow\">Twitter for Android</a>","truncated":false,"in_reply_to_status_id":null,"in_reply_to_status_id_str":null,"in_reply_to_user_id":null,"in_reply_to_user_id_str":null,"in_reply_to_screen_name":null,"user":{"id":513832635,"id_str":"513832635","name":"setta ∞","screen_name":"setaveli","location":"","url":null,"description":"just vibe . join the killuminati movement. i go by setaveli .","protected":false,"followers_count":487,"friends_count":470,"listed_count":0,"created_at":"Sun Mar 04 02:01:30 +0000 2012","favourites_count":350,"utc_offset":-14400,"time_zone":"Atlantic Time (Canada)","geo_enabled":false,"verified":false,"statuses_count":19035,"lang":"en","contributors_enabled":false,"is_translator":false,"is_translation_enabled":false,"profile_background_color":"C0DEED","profile_background_image_url":"http://pbs.twimg.com/profile_background_images/836162674/4d5619347f0f32c89e086df87a1df4ae.jpeg","profile_background_image_url_https":"https://pbs.twimg.com/profile_background_images/836162674/4d5619347f0f32c89e086df87a1df4ae.jpeg","profile_background_tile":true,"profile_image_url":"http://pbs.twimg.com/profile_images/436482043665711104/weHhyz3j_normal.jpeg","profile_image_url_https":"https://pbs.twimg.com/profile_images/436482043665711104/weHhyz3j_normal.jpeg","profile_banner_url":"https://pbs.twimg.com/profile_banners/513832635/1390070214","profile_link_color":"0084B4","profile_sidebar_border_color":"FFFFFF","profile_sidebar_fill_color":"DDEEF6","profile_text_color":"333333","profile_use_background_image":true,"default_profile":false,"default_profile_image":false,"following":null,"follow_request_sent":null,"notifications":null},"geo":null,"coordinates":null,"place":null,"contributors":null,"retweet_count":0,"favorite_count":0,"entities":{"hashtags":[],"symbols":[],"urls":[],"user_mentions":[],"media":[{"id":441415725081968640,"id_str":"441415725081968640","indices":[16,38],"media_url":"http://pbs.twimg.com/media/BiA5Q2PIQAAOnPl.jpg","media_url_https":"https://pbs.twimg.com/media/BiA5Q2PIQAAOnPl.jpg","url":"http://t.co/QDi9xdxU27","display_url":"pic.twitter.com/QDi9xdxU27","expanded_url":"http://twitter.com/setaveli/status/441415725241352192/photo/1","type":"photo","sizes":{"large":{"w":960,"h":960,"resize":"fit"},"medium":{"w":600,"h":600,"resize":"fit"},"small":{"w":340,"h":340,"resize":"fit"},"thumb":{"w":150,"h":150,"resize":"crop"}}}]},"favorited":false,"retweeted":false,"possibly_sensitive":false,"filter_level":"medium","lang":"en"},{"created_at":"Thu Mar 06 03:31:24 +0000 2014","id":441415725258117100,"id_str":"441415725258117120","text":"Is this what my older brother is doing in Florida http://t.co/vy6aS9uVXJ","source":"<a href=\"http://twitter.com/download/iphone\" rel=\"nofollow\">Twitter for iPhone</a>","truncated":false,"in_reply_to_status_id":null,"in_reply_to_status_id_str":null,"in_reply_to_user_id":null,"in_reply_to_user_id_str":null,"in_reply_to_screen_name":null,"user":{"id":911159966,"id_str":"911159966","name":"john flynn","screen_name":"flynny297","location":"MJF 10/22/24~8/22/06","url":null,"description":"'95 til infinity 02184","protected":false,"followers_count":271,"friends_count":218,"listed_count":0,"created_at":"Sun Oct 28 21:37:10 +0000 2012","favourites_count":3884,"utc_offset":-18000,"time_zone":"Eastern Time (US & Canada)","geo_enabled":true,"verified":false,"statuses_count":438,"lang":"en","contributors_enabled":false,"is_translator":false,"is_translation_enabled":false,"profile_background_color":"C0DEED","profile_background_image_url":"http://abs.twimg.com/images/themes/theme1/bg.png","profile_background_image_url_https":"https://abs.twimg.com/images/themes/theme1/bg.png","profile_background_tile":false,"profile_image_url":"http://pbs.twimg.com/profile_images/436012168430243840/hoPE2luk_normal.jpeg","profile_image_url_https":"https://pbs.twimg.com/profile_images/436012168430243840/hoPE2luk_normal.jpeg","profile_banner_url":"https://pbs.twimg.com/profile_banners/911159966/1387857829","profile_link_color":"0084B4","profile_sidebar_border_color":"C0DEED","profile_sidebar_fill_color":"DDEEF6","profile_text_color":"333333","profile_use_background_image":true,"default_profile":true,"default_profile_image":false,"following":null,"follow_request_sent":null,"notifications":null},"geo":null,"coordinates":null,"place":null,"contributors":null,"retweet_count":0,"favorite_count":0,"entities":{"hashtags":[],"symbols":[],"urls":[],"user_mentions":[],"media":[{"id":441415725081985000,"id_str":"441415725081985024","indices":[50,72],"media_url":"http://pbs.twimg.com/media/BiA5Q2PIgAAu6ks.jpg","media_url_https":"https://pbs.twimg.com/media/BiA5Q2PIgAAu6ks.jpg","url":"http://t.co/vy6aS9uVXJ","display_url":"pic.twitter.com/vy6aS9uVXJ","expanded_url":"http://twitter.com/flynny297/status/441415725258117120/photo/1","type":"photo","sizes":{"large":{"w":640,"h":960,"resize":"fit"},"medium":{"w":600,"h":900,"resize":"fit"},"small":{"w":340,"h":510,"resize":"fit"},"thumb":{"w":150,"h":150,"resize":"crop"}}}]},"favorited":false,"retweeted":false,"possibly_sensitive":false,"filter_level":"medium","lang":"en"},{"created_at":"Thu Mar 06 03:31:24 +0000 2014","id":441415725228765200,"id_str":"441415725228765185","text":"@villalobossebas  @sebbbbas bueno con esto te digo casi todo(: enserio gracias por cada sonrisa ! Te amo &lt;3 http://t.co/p9PtwHZyov","source":"<a href=\"http://twitter.com/download/iphone\" rel=\"nofollow\">Twitter for iPhone</a>","truncated":false,"in_reply_to_status_id":null,"in_reply_to_status_id_str":null,"in_reply_to_user_id":181300983,"in_reply_to_user_id_str":"181300983","in_reply_to_screen_name":"villalobossebas","user":{"id":372503829,"id_str":"372503829","name":"~Emii Peñafiel~","screen_name":"Emiizin","location":"Quito-Ecuador ","url":null,"description":"YOLO ~ follow me and follow you ~Rock~LOGAN LERMAN YOU ARE THE BEST ~ JUAN PABLO JARAMILLO, Sebas Arango~ Sebas Villalobos~Stay Strong ~ Live , Love, Laugh ~","protected":false,"followers_count":280,"friends_count":451,"listed_count":0,"created_at":"Mon Sep 12 22:06:18 +0000 2011","favourites_count":218,"utc_offset":-18000,"time_zone":"Eastern Time (US & Canada)","geo_enabled":true,"verified":false,"statuses_count":1496,"lang":"es","contributors_enabled":false,"is_translator":false,"is_translation_enabled":false,"profile_background_color":"9AE4E8","profile_background_image_url":"http://pbs.twimg.com/profile_background_images/378800000056692040/eba046caef9fbb25f355b8c94da32784.jpeg","profile_background_image_url_https":"https://pbs.twimg.com/profile_background_images/378800000056692040/eba046caef9fbb25f355b8c94da32784.jpeg","profile_background_tile":true,"profile_image_url":"http://pbs.twimg.com/profile_images/439201117424353280/mM-_DD6m_normal.jpeg","profile_image_url_https":"https://pbs.twimg.com/profile_images/439201117424353280/mM-_DD6m_normal.jpeg","profile_banner_url":"https://pbs.twimg.com/profile_banners/372503829/1392517071","profile_link_color":"0084B4","profile_sidebar_border_color":"FFFFFF","profile_sidebar_fill_color":"DDFFCC","profile_text_color":"333333","profile_use_background_image":true,"default_profile":false,"default_profile_image":false,"following":null,"follow_request_sent":null,"notifications":null},"geo":null,"coordinates":null,"place":null,"contributors":null,"retweet_count":0,"favorite_count":0,"entities":{"hashtags":[],"symbols":[],"urls":[],"user_mentions":[{"screen_name":"villalobossebas","name":"Sebastián Villalobos","id":181300983,"id_str":"181300983","indices":[0,16]},{"screen_name":"sebbbbas","name":"Sebastián.","id":441153074,"id_str":"441153074","indices":[18,27]}],"media":[{"id":441415724960321540,"id_str":"441415724960321536","indices":[111,133],"media_url":"http://pbs.twimg.com/media/BiA5Q1yIEAANn9P.jpg","media_url_https":"https://pbs.twimg.com/media/BiA5Q1yIEAANn9P.jpg","url":"http://t.co/p9PtwHZyov","display_url":"pic.twitter.com/p9PtwHZyov","expanded_url":"http://twitter.com/Emiizin/status/441415725228765185/photo/1","type":"photo","sizes":{"small":{"w":340,"h":510,"resize":"fit"},"thumb":{"w":150,"h":150,"resize":"crop"},"medium":{"w":599,"h":900,"resize":"fit"},"large":{"w":682,"h":1024,"resize":"fit"}}}]},"favorited":false,"retweeted":false,"possibly_sensitive":false,"filter_level":"medium","lang":"es"},{"created_at":"Thu Mar 06 03:31:24 +0000 2014","id":441415725253529600,"id_str":"441415725253529600","text":"Lift Every Voice Rendition by Rachel http://t.co/CuKlPIsaEM EMAIL rachelmarieluv@gmail.com if you'd like sheet music to this!","source":"web","truncated":false,"in_reply_to_status_id":null,"in_reply_to_status_id_str":null,"in_reply_to_user_id":null,"in_reply_to_user_id_str":null,"in_reply_to_screen_name":null,"user":{"id":459936650,"id_str":"459936650","name":"Leah T","screen_name":"LiliTerrel","location":"DC","url":null,"description":"chillin on here or on tumblr #teamRachelMarie","protected":false,"followers_count":2465,"friends_count":1678,"listed_count":0,"created_at":"Tue Jan 10 06:28:51 +0000 2012","favourites_count":0,"utc_offset":-18000,"time_zone":"Eastern Time (US & Canada)","geo_enabled":false,"verified":false,"statuses_count":869,"lang":"en","contributors_enabled":false,"is_translator":false,"is_translation_enabled":false,"profile_background_color":"C0DEED","profile_background_image_url":"http://pbs.twimg.com/profile_background_images/427295931/13294848266428-1.jpg","profile_background_image_url_https":"https://pbs.twimg.com/profile_background_images/427295931/13294848266428-1.jpg","profile_background_tile":true,"profile_image_url":"http://pbs.twimg.com/profile_images/437375156592209920/FjI6n1kX_normal.jpeg","profile_image_url_https":"https://pbs.twimg.com/profile_images/437375156592209920/FjI6n1kX_normal.jpeg","profile_link_color":"0084B4","profile_sidebar_border_color":"C0DEED","profile_sidebar_fill_color":"DDEEF6","profile_text_color":"333333","profile_use_background_image":true,"default_profile":false,"default_profile_image":false,"following":null,"follow_request_sent":null,"notifications":null},"geo":null,"coordinates":null,"place":null,"contributors":null,"retweet_count":0,"favorite_count":0,"entities":{"hashtags":[],"symbols":[],"urls":[{"url":"http://t.co/CuKlPIsaEM","expanded_url":"http://youtu.be/WAaaogzYc0I","display_url":"youtu.be/WAaaogzYc0I","indices":[37,59]}],"user_mentions":[]},"favorited":false,"retweeted":false,"possibly_sensitive":false,"filter_level":"medium","lang":"en"},{"created_at":"Thu Mar 06 03:31:24 +0000 2014","id":441415725219995650,"id_str":"441415725219995648","text":"RT @AyoPotter: Omg did they really free boosie or was it a mistake","source":"<a href=\"http://twitter.com/download/android\" rel=\"nofollow\">Twitter for Android</a>","truncated":false,"in_reply_to_status_id":null,"in_reply_to_status_id_str":null,"in_reply_to_user_id":null,"in_reply_to_user_id_str":null,"in_reply_to_screen_name":null,"user":{"id":181593576,"id_str":"181593576","name":"Danney_","screen_name":"yz_danney","location":"","url":"http://ask.fm/aquafita5","description":"Jay-z & Sabrina ❤","protected":false,"followers_count":643,"friends_count":518,"listed_count":0,"created_at":"Sun Aug 22 15:56:48 +0000 2010","favourites_count":1112,"utc_offset":-18000,"time_zone":"Eastern Time (US & Canada)","geo_enabled":false,"verified":false,"statuses_count":22136,"lang":"en","contributors_enabled":false,"is_translator":false,"is_translation_enabled":false,"profile_background_color":"B2DFDA","profile_background_image_url":"http://pbs.twimg.com/profile_background_images/807519842/5b6dc2c2b6b2c4a246989b1c61643b0a.jpeg","profile_background_image_url_https":"https://pbs.twimg.com/profile_background_images/807519842/5b6dc2c2b6b2c4a246989b1c61643b0a.jpeg","profile_background_tile":true,"profile_image_url":"http://pbs.twimg.com/profile_images/437050786556563457/mespdclK_normal.jpeg","profile_image_url_https":"https://pbs.twimg.com/profile_images/437050786556563457/mespdclK_normal.jpeg","profile_banner_url":"https://pbs.twimg.com/profile_banners/181593576/1391576605","profile_link_color":"93A644","profile_sidebar_border_color":"FFFFFF","profile_sidebar_fill_color":"DDEEF6","profile_text_color":"333333","profile_use_background_image":true,"default_profile":false,"default_profile_image":false,"following":null,"follow_request_sent":null,"notifications":null},"geo":null,"coordinates":null,"place":null,"contributors":null,"retweeted_status":{"created_at":"Thu Mar 06 03:28:28 +0000 2014","id":441414986775408640,"id_str":"441414986775408640","text":"Omg did they really free boosie or was it a mistake","source":"<a href=\"http://twitter.com/download/iphone\" rel=\"nofollow\">Twitter for iPhone</a>","truncated":false,"in_reply_to_status_id":null,"in_reply_to_status_id_str":null,"in_reply_to_user_id":null,"in_reply_to_user_id_str":null,"in_reply_to_screen_name":null,"user":{"id":171530458,"id_str":"171530458","name":"Ayo Potter BlesSquad","screen_name":"AyoPotter","location":"BlessSquad ","url":null,"description":"Together we can end world hunger Together we can stop world violence but its a mission that requires everyone! Music is the only way i can express my feelings.","protected":false,"followers_count":298228,"friends_count":186838,"listed_count":118,"created_at":"Tue Jul 27 15:24:55 +0000 2010","favourites_count":430,"utc_offset":-18000,"time_zone":"Eastern Time (US & Canada)","geo_enabled":true,"verified":false,"statuses_count":79502,"lang":"en","contributors_enabled":false,"is_translator":false,"is_translation_enabled":false,"profile_background_color":"131516","profile_background_image_url":"http://pbs.twimg.com/profile_background_images/438492770538237952/reqHx1a1.jpeg","profile_background_image_url_https":"https://pbs.twimg.com/profile_background_images/438492770538237952/reqHx1a1.jpeg","profile_background_tile":true,"profile_image_url":"http://pbs.twimg.com/profile_images/3634525336/47332855cd0a51afe44cf1765eed8630_normal.jpeg","profile_image_url_https":"https://pbs.twimg.com/profile_images/3634525336/47332855cd0a51afe44cf1765eed8630_normal.jpeg","profile_banner_url":"https://pbs.twimg.com/profile_banners/171530458/1392323428","profile_link_color":"009999","profile_sidebar_border_color":"000000","profile_sidebar_fill_color":"EFEFEF","profile_text_color":"333333","profile_use_background_image":true,"default_profile":false,"default_profile_image":false,"following":null,"follow_request_sent":null,"notifications":null},"geo":null,"coordinates":null,"place":null,"contributors":null,"retweet_count":9,"favorite_count":11,"entities":{"hashtags":[],"symbols":[],"urls":[],"user_mentions":[]},"favorited":false,"retweeted":false,"lang":"en"},"retweet_count":0,"favorite_count":0,"entities":{"hashtags":[],"symbols":[],"urls":[],"user_mentions":[{"screen_name":"AyoPotter","name":"Ayo Potter BlesSquad","id":171530458,"id_str":"171530458","indices":[3,13]}]},"favorited":false,"retweeted":false,"filter_level":"medium","lang":"en"},{"created_at":"Thu Mar 06 03:31:25 +0000 2014","id":441415729418874900,"id_str":"441415729418874880","text":"акт обследования семьи учащегося заполненный бланк http://t.co/jEX8VK6fLn","source":"web","truncated":false,"in_reply_to_status_id":null,"in_reply_to_status_id_str":null,"in_reply_to_user_id":null,"in_reply_to_user_id_str":null,"in_reply_to_screen_name":null,"user":{"id":387240248,"id_str":"387240248","name":"Пупкинд Василий","screen_name":"PupkindVasily","location":"с.Кукуево","url":null,"description":null,"protected":false,"followers_count":0,"friends_count":4,"listed_count":0,"created_at":"Sat Oct 08 18:12:31 +0000 2011","favourites_count":0,"utc_offset":null,"time_zone":null,"geo_enabled":false,"verified":false,"statuses_count":6600,"lang":"ru","contributors_enabled":false,"is_translator":false,"is_translation_enabled":false,"profile_background_color":"B2DFDA","profile_background_image_url":"http://abs.twimg.com/images/themes/theme13/bg.gif","profile_background_image_url_https":"https://abs.twimg.com/images/themes/theme13/bg.gif","profile_background_tile":false,"profile_image_url":"http://pbs.twimg.com/profile_images/1578694738/i_normal.jpg","profile_image_url_https":"https://pbs.twimg.com/profile_images/1578694738/i_normal.jpg","profile_link_color":"93A644","profile_sidebar_border_color":"EEEEEE","profile_sidebar_fill_color":"FFFFFF","profile_text_color":"333333","profile_use_background_image":true,"default_profile":false,"default_profile_image":false,"following":null,"follow_request_sent":null,"notifications":null},"geo":null,"coordinates":null,"place":null,"contributors":null,"retweet_count":0,"favorite_count":0,"entities":{"hashtags":[],"symbols":[],"urls":[{"url":"http://t.co/jEX8VK6fLn","expanded_url":"http://kaykertis.com/962528.html","display_url":"kaykertis.com/962528.html","indices":[51,73]}],"user_mentions":[]},"favorited":false,"retweeted":false,"possibly_sensitive":false,"filter_level":"medium","lang":"ru"},{"created_at":"Thu Mar 06 03:31:25 +0000 2014","id":441415729448222700,"id_str":"441415729448222720","text":"Lando was at church tonight but I wasn't 😩😩😩😩 wth lmao","source":"<a href=\"http://twitter.com/download/iphone\" rel=\"nofollow\">Twitter for iPhone</a>","truncated":false,"in_reply_to_status_id":null,"in_reply_to_status_id_str":null,"in_reply_to_user_id":null,"in_reply_to_user_id_str":null,"in_reply_to_screen_name":null,"user":{"id":1490786509,"id_str":"1490786509","name":"Genesis","screen_name":"thatmamiGen","location":"","url":null,"description":"Just because something good ends \nDoesn't mean something BETTER wont begin","protected":false,"followers_count":293,"friends_count":233,"listed_count":1,"created_at":"Fri Jun 07 16:27:32 +0000 2013","favourites_count":1252,"utc_offset":null,"time_zone":null,"geo_enabled":true,"verified":false,"statuses_count":23366,"lang":"en","contributors_enabled":false,"is_translator":false,"is_translation_enabled":false,"profile_background_color":"C0DEED","profile_background_image_url":"http://abs.twimg.com/images/themes/theme1/bg.png","profile_background_image_url_https":"https://abs.twimg.com/images/themes/theme1/bg.png","profile_background_tile":false,"profile_image_url":"http://pbs.twimg.com/profile_images/432986494832476160/NDimqKyD_normal.jpeg","profile_image_url_https":"https://pbs.twimg.com/profile_images/432986494832476160/NDimqKyD_normal.jpeg","profile_banner_url":"https://pbs.twimg.com/profile_banners/1490786509/1391627554","profile_link_color":"0084B4","profile_sidebar_border_color":"C0DEED","profile_sidebar_fill_color":"DDEEF6","profile_text_color":"333333","profile_use_background_image":true,"default_profile":true,"default_profile_image":false,"following":null,"follow_request_sent":null,"notifications":null},"geo":null,"coordinates":null,"place":null,"contributors":null,"retweet_count":0,"favorite_count":0,"entities":{"hashtags":[],"symbols":[],"urls":[],"user_mentions":[]},"favorited":false,"retweeted":false,"filter_level":"medium","lang":"en"},{"created_at":"Thu Mar 06 03:31:25 +0000 2014","id":441415729427251200,"id_str":"441415729427251200","text":"Hola ¿Te acuerdas de mí? Solías abrazarme y\nsonreír cada vez que me veías. ¿Qué nos pasó?","source":"<a href=\"https://mobile.twitter.com\" rel=\"nofollow\">Mobile Web (M2)</a>","truncated":false,"in_reply_to_status_id":null,"in_reply_to_status_id_str":null,"in_reply_to_user_id":null,"in_reply_to_user_id_str":null,"in_reply_to_screen_name":null,"user":{"id":1143272964,"id_str":"1143272964","name":"Candee ✿","screen_name":"Caandeee1D","location":"Recreo!","url":"https://www.facebook.com/cande.gonzalez.315080","description":"•No Soy Perfecta , Pero Me Di Cuenta De Que Soy Distinta Al Resto•                              Seguiime y Te Siigo!  ◕‿◕ ☆","protected":false,"followers_count":574,"friends_count":876,"listed_count":0,"created_at":"Sat Feb 02 19:59:16 +0000 2013","favourites_count":252,"utc_offset":-10800,"time_zone":"Brasilia","geo_enabled":true,"verified":false,"statuses_count":9087,"lang":"es","contributors_enabled":false,"is_translator":false,"is_translation_enabled":false,"profile_background_color":"DEADCA","profile_background_image_url":"http://pbs.twimg.com/profile_background_images/434017977197789184/SwwPgOk3.jpeg","profile_background_image_url_https":"https://pbs.twimg.com/profile_background_images/434017977197789184/SwwPgOk3.jpeg","profile_background_tile":true,"profile_image_url":"http://pbs.twimg.com/profile_images/431871407882919937/fLHGEDNw_normal.jpeg","profile_image_url_https":"https://pbs.twimg.com/profile_images/431871407882919937/fLHGEDNw_normal.jpeg","profile_banner_url":"https://pbs.twimg.com/profile_banners/1143272964/1391198184","profile_link_color":"700485","profile_sidebar_border_color":"FFFFFF","profile_sidebar_fill_color":"DDEEF6","profile_text_color":"333333","profile_use_background_image":true,"default_profile":false,"default_profile_image":false,"following":null,"follow_request_sent":null,"notifications":null},"geo":null,"coordinates":null,"place":null,"contributors":null,"retweet_count":0,"favorite_count":0,"entities":{"hashtags":[],"symbols":[],"urls":[],"user_mentions":[]},"favorited":false,"retweeted":false,"filter_level":"medium","lang":"es"},{"created_at":"Thu Mar 06 03:31:25 +0000 2014","id":441415729414676500,"id_str":"441415729414676480","text":"RT @camilacabello97: HEY @dinahjane97 FRIENDLY REMINDER THAT I LOVE U AND YOU HAVE A PRETTY HEART","source":"<a href=\"http://twitter.com/download/iphone\" rel=\"nofollow\">Twitter for iPhone</a>","truncated":false,"in_reply_to_status_id":null,"in_reply_to_status_id_str":null,"in_reply_to_user_id":null,"in_reply_to_user_id_str":null,"in_reply_to_screen_name":null,"user":{"id":2245490271,"id_str":"2245490271","name":"tania kabir ","screen_name":"KabirTania","location":"","url":null,"description":"A girl that wants austin mahone and justin bieber and ariana grande to follow :(","protected":false,"followers_count":161,"friends_count":151,"listed_count":1,"created_at":"Thu Dec 26 22:14:44 +0000 2013","favourites_count":2132,"utc_offset":null,"time_zone":null,"geo_enabled":false,"verified":false,"statuses_count":1379,"lang":"en","contributors_enabled":false,"is_translator":false,"is_translation_enabled":false,"profile_background_color":"C0DEED","profile_background_image_url":"http://abs.twimg.com/images/themes/theme1/bg.png","profile_background_image_url_https":"https://abs.twimg.com/images/themes/theme1/bg.png","profile_background_tile":false,"profile_image_url":"http://pbs.twimg.com/profile_images/428698193447370752/dXReoi4p_normal.jpeg","profile_image_url_https":"https://pbs.twimg.com/profile_images/428698193447370752/dXReoi4p_normal.jpeg","profile_banner_url":"https://pbs.twimg.com/profile_banners/2245490271/1391489577","profile_link_color":"0084B4","profile_sidebar_border_color":"C0DEED","profile_sidebar_fill_color":"DDEEF6","profile_text_color":"333333","profile_use_background_image":true,"default_profile":true,"default_profile_image":false,"following":null,"follow_request_sent":null,"notifications":null},"geo":null,"coordinates":null,"place":null,"contributors":null,"retweeted_status":{"created_at":"Thu Mar 06 03:09:08 +0000 2014","id":441410122783658000,"id_str":"441410122783657984","text":"HEY @dinahjane97 FRIENDLY REMINDER THAT I LOVE U AND YOU HAVE A PRETTY HEART","source":"<a href=\"http://twitter.com/download/iphone\" rel=\"nofollow\">Twitter for iPhone</a>","truncated":false,"in_reply_to_status_id":null,"in_reply_to_status_id_str":null,"in_reply_to_user_id":null,"in_reply_to_user_id_str":null,"in_reply_to_screen_name":null,"user":{"id":739784130,"id_str":"739784130","name":"camEEla cabeYo","screen_name":"camilacabello97","location":"where the free food is","url":"http://smarturl.it/bettertogether","description":"i may or may not be part of a girl group called fifth harmony","protected":false,"followers_count":828703,"friends_count":5030,"listed_count":3562,"created_at":"Mon Aug 06 03:46:40 +0000 2012","favourites_count":7410,"utc_offset":-14400,"time_zone":"Atlantic Time (Canada)","geo_enabled":true,"verified":true,"statuses_count":3663,"lang":"en","contributors_enabled":false,"is_translator":false,"is_translation_enabled":true,"profile_background_color":"C0DEED","profile_background_image_url":"http://pbs.twimg.com/profile_background_images/784037072/973615e3ef04d865f8c6452c6ffa4e0b.jpeg","profile_background_image_url_https":"https://pbs.twimg.com/profile_background_images/784037072/973615e3ef04d865f8c6452c6ffa4e0b.jpeg","profile_background_tile":true,"profile_image_url":"http://pbs.twimg.com/profile_images/434061626921062400/6HRyjKSi_normal.jpeg","profile_image_url_https":"https://pbs.twimg.com/profile_images/434061626921062400/6HRyjKSi_normal.jpeg","profile_banner_url":"https://pbs.twimg.com/profile_banners/739784130/1381621531","profile_link_color":"0084B4","profile_sidebar_border_color":"FFFFFF","profile_sidebar_fill_color":"DDEEF6","profile_text_color":"333333","profile_use_background_image":false,"default_profile":false,"default_profile_image":false,"following":null,"follow_request_sent":null,"notifications":null},"geo":null,"coordinates":null,"place":null,"contributors":null,"retweet_count":1640,"favorite_count":2939,"entities":{"hashtags":[],"symbols":[],"urls":[],"user_mentions":[{"screen_name":"dinahjane97","name":"DinahJane","id":259435698,"id_str":"259435698","indices":[4,16]}]},"favorited":false,"retweeted":false,"lang":"en"},"retweet_count":0,"favorite_count":0,"entities":{"hashtags":[],"symbols":[],"urls":[],"user_mentions":[{"screen_name":"camilacabello97","name":"camEEla cabeYo","id":739784130,"id_str":"739784130","indices":[3,19]},{"screen_name":"dinahjane97","name":"DinahJane","id":259435698,"id_str":"259435698","indices":[25,37]}]},"favorited":false,"retweeted":false,"filter_level":"medium","lang":"en"},{"created_at":"Thu Mar 06 03:31:25 +0000 2014","id":441415729427251200,"id_str":"441415729427251201","text":"Ускорение газификации владивостокских ТЭЦ обсудили в ДГК","source":"<a href=\"http://www.rottentomatoes.com\" rel=\"nofollow\">ttenbergApll</a>","truncated":false,"in_reply_to_status_id":null,"in_reply_to_status_id_str":null,"in_reply_to_user_id":null,"in_reply_to_user_id_str":null,"in_reply_to_screen_name":null,"user":{"id":1668227850,"id_str":"1668227850","name":"Вика Анфимова","screen_name":"CahraHonig","location":"Питер","url":null,"description":"Приколы и вызывание смеха у людей ,   Ролики  #  . профессионально...Маммолог","protected":false,"followers_count":68,"friends_count":53,"listed_count":0,"created_at":"Tue Aug 13 16:43:38 +0000 2013","favourites_count":0,"utc_offset":null,"time_zone":null,"geo_enabled":false,"verified":false,"statuses_count":3017,"lang":"en","contributors_enabled":false,"is_translator":false,"is_translation_enabled":false,"profile_background_color":"BADFCD","profile_background_image_url":"http://abs.twimg.com/images/themes/theme12/bg.gif","profile_background_image_url_https":"https://abs.twimg.com/images/themes/theme12/bg.gif","profile_background_tile":false,"profile_image_url":"http://abs.twimg.com/sticky/default_profile_images/default_profile_2_normal.png","profile_image_url_https":"https://abs.twimg.com/sticky/default_profile_images/default_profile_2_normal.png","profile_link_color":"FF0000","profile_sidebar_border_color":"F2E195","profile_sidebar_fill_color":"FFF7CC","profile_text_color":"0C3E53","profile_use_background_image":true,"default_profile":false,"default_profile_image":true,"following":null,"follow_request_sent":null,"notifications":null},"geo":null,"coordinates":null,"place":null,"contributors":null,"retweet_count":0,"favorite_count":0,"entities":{"hashtags":[],"symbols":[],"urls":[],"user_mentions":[]},"favorited":false,"retweeted":false,"filter_level":"medium","lang":"ru"},{"created_at":"Thu Mar 06 03:31:25 +0000 2014","id":441415729418891260,"id_str":"441415729418891264","text":"លេចលឺថា Apple នឹងបញ្ចប់ផលិតកម្មនៃ 13 inch Non Retina MacBook Pro... http://t.co/Va0RVROe2d","source":"<a href=\"http://www.facebook.com/twitter\" rel=\"nofollow\">Facebook</a>","truncated":false,"in_reply_to_status_id":null,"in_reply_to_status_id_str":null,"in_reply_to_user_id":null,"in_reply_to_user_id_str":null,"in_reply_to_screen_name":null,"user":{"id":2203348328,"id_str":"2203348328","name":"bobocambodia","screen_name":"bobocambodia","location":"phnom penh","url":"http://bobocambodia.com/","description":"http://t.co/WkuMfzeq9l\r\nhttps://t.co/nssptWPHKF\r\nhttps://t.co/xGBVoIbUnu\r\nhttp://t.co/7F4RZvmr2p\r\nhttp://t.co/fTPVW19cmH\r\nhttp://t.co/7ZnD6FHc3U","protected":false,"followers_count":183,"friends_count":2001,"listed_count":0,"created_at":"Tue Nov 19 16:08:12 +0000 2013","favourites_count":0,"utc_offset":null,"time_zone":null,"geo_enabled":false,"verified":false,"statuses_count":1581,"lang":"en","contributors_enabled":false,"is_translator":false,"is_translation_enabled":false,"profile_background_color":"C0DEED","profile_background_image_url":"http://pbs.twimg.com/profile_background_images/378800000119996065/54320933ce48933a6f829a421b746811.jpeg","profile_background_image_url_https":"https://pbs.twimg.com/profile_background_images/378800000119996065/54320933ce48933a6f829a421b746811.jpeg","profile_background_tile":false,"profile_image_url":"http://pbs.twimg.com/profile_images/440360993474891776/uZcs-AoW_normal.jpeg","profile_image_url_https":"https://pbs.twimg.com/profile_images/440360993474891776/uZcs-AoW_normal.jpeg","profile_banner_url":"https://pbs.twimg.com/profile_banners/2203348328/1392180632","profile_link_color":"0084B4","profile_sidebar_border_color":"FFFFFF","profile_sidebar_fill_color":"DDEEF6","profile_text_color":"333333","profile_use_background_image":true,"default_profile":false,"default_profile_image":false,"following":null,"follow_request_sent":null,"notifications":null},"geo":null,"coordinates":null,"place":null,"contributors":null,"retweet_count":0,"favorite_count":0,"entities":{"hashtags":[],"symbols":[],"urls":[{"url":"http://t.co/Va0RVROe2d","expanded_url":"http://fb.me/6jYGrIbC0","display_url":"fb.me/6jYGrIbC0","indices":[68,90]}],"user_mentions":[]},"favorited":false,"retweeted":false,"possibly_sensitive":false,"filter_level":"medium","lang":"km"},{"created_at":"Thu Mar 06 03:31:25 +0000 2014","id":441415729444040700,"id_str":"441415729444040704","text":"RT @01wajd: @faisal889988 \nهههههههههه يالله فلوها","source":"<a href=\"http://twitter.com/download/android\" rel=\"nofollow\">Twitter for Android</a>","truncated":false,"in_reply_to_status_id":null,"in_reply_to_status_id_str":null,"in_reply_to_user_id":null,"in_reply_to_user_id_str":null,"in_reply_to_screen_name":null,"user":{"id":1547532014,"id_str":"1547532014","name":"فيصل المطيرى ","screen_name":"faisal889988","location":"    الرياض","url":null,"description":null,"protected":false,"followers_count":2475,"friends_count":2705,"listed_count":6,"created_at":"Wed Jun 26 06:58:43 +0000 2013","favourites_count":732,"utc_offset":null,"time_zone":null,"geo_enabled":false,"verified":false,"statuses_count":59437,"lang":"ar","contributors_enabled":false,"is_translator":false,"is_translation_enabled":false,"profile_background_color":"C0DEED","profile_background_image_url":"http://abs.twimg.com/images/themes/theme1/bg.png","profile_background_image_url_https":"https://abs.twimg.com/images/themes/theme1/bg.png","profile_background_tile":false,"profile_image_url":"http://pbs.twimg.com/profile_images/378800000459534166/ab5bddd07ce579fdc24106f4c16543fd_normal.jpeg","profile_image_url_https":"https://pbs.twimg.com/profile_images/378800000459534166/ab5bddd07ce579fdc24106f4c16543fd_normal.jpeg","profile_banner_url":"https://pbs.twimg.com/profile_banners/1547532014/1379221240","profile_link_color":"0084B4","profile_sidebar_border_color":"C0DEED","profile_sidebar_fill_color":"DDEEF6","profile_text_color":"333333","profile_use_background_image":true,"default_profile":true,"default_profile_image":false,"following":null,"follow_request_sent":null,"notifications":null},"geo":null,"coordinates":null,"place":null,"contributors":null,"retweeted_status":{"created_at":"Wed Mar 05 21:13:58 +0000 2014","id":441320740210880500,"id_str":"441320740210880512","text":"@faisal889988 \nهههههههههه يالله فلوها","source":"<a href=\"http://twitter.com/download/iphone\" rel=\"nofollow\">Twitter for iPhone</a>","truncated":false,"in_reply_to_status_id":441311417481048060,"in_reply_to_status_id_str":"441311417481048066","in_reply_to_user_id":1547532014,"in_reply_to_user_id_str":"1547532014","in_reply_to_screen_name":"faisal889988","user":{"id":608284732,"id_str":"608284732","name":"وجد","screen_name":"01wajd","location":"","url":null,"description":"لك الحمـــــد ربيّ♡","protected":false,"followers_count":236,"friends_count":125,"listed_count":0,"created_at":"Thu Jun 14 16:27:54 +0000 2012","favourites_count":22,"utc_offset":null,"time_zone":null,"geo_enabled":false,"verified":false,"statuses_count":3541,"lang":"ar","contributors_enabled":false,"is_translator":false,"is_translation_enabled":false,"profile_background_color":"C0DEED","profile_background_image_url":"http://abs.twimg.com/images/themes/theme1/bg.png","profile_background_image_url_https":"https://abs.twimg.com/images/themes/theme1/bg.png","profile_background_tile":false,"profile_image_url":"http://pbs.twimg.com/profile_images/438066120311181314/rp_SUvA0_normal.jpeg","profile_image_url_https":"https://pbs.twimg.com/profile_images/438066120311181314/rp_SUvA0_normal.jpeg","profile_banner_url":"https://pbs.twimg.com/profile_banners/608284732/1393265607","profile_link_color":"0084B4","profile_sidebar_border_color":"C0DEED","profile_sidebar_fill_color":"DDEEF6","profile_text_color":"333333","profile_use_background_image":true,"default_profile":true,"default_profile_image":false,"following":null,"follow_request_sent":null,"notifications":null},"geo":null,"coordinates":null,"place":null,"contributors":null,"retweet_count":1,"favorite_count":0,"entities":{"hashtags":[],"symbols":[],"urls":[],"user_mentions":[{"screen_name":"faisal889988","name":"فيصل المطيرى ","id":1547532014,"id_str":"1547532014","indices":[0,13]}]},"favorited":false,"retweeted":false,"lang":"ar"},"retweet_count":0,"favorite_count":0,"entities":{"hashtags":[],"symbols":[],"urls":[],"user_mentions":[{"screen_name":"01wajd","name":"وجد","id":608284732,"id_str":"608284732","indices":[3,10]},{"screen_name":"faisal889988","name":"فيصل المطيرى ","id":1547532014,"id_str":"1547532014","indices":[12,25]}]},"favorited":false,"retweeted":false,"filter_level":"medium","lang":"ar"},{"created_at":"Thu Mar 06 03:31:25 +0000 2014","id":441415729418883100,"id_str":"441415729418883073","text":"ورسائله فاضت في قلبي\nضاعت في صوت القصيدي\nوعيون رسمت بوح صدر\nسكنت في الصمت عقودي\nيأخذ بك قلبا زرعت الحب \nفيه يخفق بالحب ويطلب\nالمزيد","source":"<a href=\"http://twitter.com/download/iphone\" rel=\"nofollow\">Twitter for iPhone</a>","truncated":false,"in_reply_to_status_id":null,"in_reply_to_status_id_str":null,"in_reply_to_user_id":null,"in_reply_to_user_id_str":null,"in_reply_to_screen_name":null,"user":{"id":534729521,"id_str":"534729521","name":"شمس الجنوب","screen_name":"dam3ezech_Q8","location":"","url":null,"description":"اعشق العدل والسلام واحب الكلمه الصادقه الخارجه من القلب و اتمني الخير لامتنا الاسلاميه والعربيه","protected":false,"followers_count":1348,"friends_count":2001,"listed_count":2,"created_at":"Fri Mar 23 21:24:25 +0000 2012","favourites_count":14,"utc_offset":10800,"time_zone":"Kuwait","geo_enabled":true,"verified":false,"statuses_count":19787,"lang":"en","contributors_enabled":false,"is_translator":false,"is_translation_enabled":false,"profile_background_color":"C0DEED","profile_background_image_url":"http://abs.twimg.com/images/themes/theme1/bg.png","profile_background_image_url_https":"https://abs.twimg.com/images/themes/theme1/bg.png","profile_background_tile":false,"profile_image_url":"http://pbs.twimg.com/profile_images/440459144160890881/nE-YMOFL_normal.jpeg","profile_image_url_https":"https://pbs.twimg.com/profile_images/440459144160890881/nE-YMOFL_normal.jpeg","profile_banner_url":"https://pbs.twimg.com/profile_banners/534729521/1393849350","profile_link_color":"0084B4","profile_sidebar_border_color":"C0DEED","profile_sidebar_fill_color":"DDEEF6","profile_text_color":"333333","profile_use_background_image":true,"default_profile":true,"default_profile_image":false,"following":null,"follow_request_sent":null,"notifications":null},"geo":{"type":"Point","coordinates":[29.26993907,47.88012241]},"coordinates":{"type":"Point","coordinates":[47.88012241,29.26993907]},"place":null,"contributors":null,"retweet_count":0,"favorite_count":0,"entities":{"hashtags":[],"symbols":[],"urls":[],"user_mentions":[]},"favorited":false,"retweeted":false,"filter_level":"medium","lang":"ar"},{"created_at":"Thu Mar 06 03:31:25 +0000 2014","id":441415729444032500,"id_str":"441415729444032513","text":"@Emily_Brown05 and I have a weird obsession with @RyDoon's vines..","source":"<a href=\"http://twitter.com/download/iphone\" rel=\"nofollow\">Twitter for iPhone</a>","truncated":false,"in_reply_to_status_id":null,"in_reply_to_status_id_str":null,"in_reply_to_user_id":2326199041,"in_reply_to_user_id_str":"2326199041","in_reply_to_screen_name":"Emily_Brown05","user":{"id":336332209,"id_str":"336332209","name":"Han.","screen_name":"hannahstaplet0n","location":"","url":null,"description":"I love Jesus and sharks are awesome. Romans 1:16","protected":false,"followers_count":527,"friends_count":211,"listed_count":0,"created_at":"Sat Jul 16 03:40:18 +0000 2011","favourites_count":2309,"utc_offset":-18000,"time_zone":"Quito","geo_enabled":false,"verified":false,"statuses_count":29335,"lang":"en","contributors_enabled":false,"is_translator":false,"is_translation_enabled":false,"profile_background_color":"1A1B1F","profile_background_image_url":"http://pbs.twimg.com/profile_background_images/674460254/33c6f4996c9df45941ebaeb5681326b2.jpeg","profile_background_image_url_https":"https://pbs.twimg.com/profile_background_images/674460254/33c6f4996c9df45941ebaeb5681326b2.jpeg","profile_background_tile":false,"profile_image_url":"http://pbs.twimg.com/profile_images/441413222030385152/q7OXnovK_normal.jpeg","profile_image_url_https":"https://pbs.twimg.com/profile_images/441413222030385152/q7OXnovK_normal.jpeg","profile_banner_url":"https://pbs.twimg.com/profile_banners/336332209/1394076155","profile_link_color":"0E0EE8","profile_sidebar_border_color":"000000","profile_sidebar_fill_color":"B990EB","profile_text_color":"100714","profile_use_background_image":true,"default_profile":false,"default_profile_image":false,"following":null,"follow_request_sent":null,"notifications":null},"geo":null,"coordinates":null,"place":null,"contributors":null,"retweet_count":0,"favorite_count":0,"entities":{"hashtags":[],"symbols":[],"urls":[],"user_mentions":[{"screen_name":"Emily_Brown05","name":"Emily ","id":2326199041,"id_str":"2326199041","indices":[0,14]},{"screen_name":"RyDoon","name":"Ry Doon","id":229286772,"id_str":"229286772","indices":[49,56]}]},"favorited":false,"retweeted":false,"filter_level":"medium","lang":"en"},{"created_at":"Thu Mar 06 03:31:25 +0000 2014","id":441415729418862600,"id_str":"441415729418862592","text":"СКАЧАТЬ МАЙНТ КАРАФТ 1 5 1 http://t.co/Oi05UqYibQ скачать скай http://t.co/BBneY5rIRF","source":"web","truncated":false,"in_reply_to_status_id":null,"in_reply_to_status_id_str":null,"in_reply_to_user_id":null,"in_reply_to_user_id_str":null,"in_reply_to_screen_name":null,"user":{"id":2284524011,"id_str":"2284524011","name":"Диман Воробьев","screen_name":"penzar1945","location":"","url":null,"description":null,"protected":false,"followers_count":0,"friends_count":14,"listed_count":0,"created_at":"Wed Jan 15 21:26:39 +0000 2014","favourites_count":0,"utc_offset":null,"time_zone":null,"geo_enabled":false,"verified":false,"statuses_count":576,"lang":"ru","contributors_enabled":false,"is_translator":false,"is_translation_enabled":false,"profile_background_color":"C0DEED","profile_background_image_url":"http://abs.twimg.com/images/themes/theme1/bg.png","profile_background_image_url_https":"https://abs.twimg.com/images/themes/theme1/bg.png","profile_background_tile":false,"profile_image_url":"http://abs.twimg.com/sticky/default_profile_images/default_profile_0_normal.png","profile_image_url_https":"https://abs.twimg.com/sticky/default_profile_images/default_profile_0_normal.png","profile_link_color":"0084B4","profile_sidebar_border_color":"C0DEED","profile_sidebar_fill_color":"DDEEF6","profile_text_color":"333333","profile_use_background_image":true,"default_profile":true,"default_profile_image":true,"following":null,"follow_request_sent":null,"notifications":null},"geo":null,"coordinates":null,"place":null,"contributors":null,"retweet_count":0,"favorite_count":0,"entities":{"hashtags":[],"symbols":[],"urls":[{"url":"http://t.co/Oi05UqYibQ","expanded_url":"http://kama-s.ru/main/3951-SKAChAT-MAINT-KARAFT-1-5-1.html","display_url":"kama-s.ru/main/3951-SKAC…","indices":[27,49]},{"url":"http://t.co/BBneY5rIRF","expanded_url":"http://blanki-2012.ru/main/5852-skachat-skai.html","display_url":"blanki-2012.ru/main/5852-skac…","indices":[63,85]}],"user_mentions":[]},"favorited":false,"retweeted":false,"possibly_sensitive":false,"filter_level":"medium","lang":"ru"},{"created_at":"Thu Mar 06 03:31:25 +0000 2014","id":441415729439858700,"id_str":"441415729439858688","text":"RT @miilkkk: 😂😂🙈 http://t.co/DcpMrl5JC4","source":"<a href=\"http://twitter.com/download/iphone\" rel=\"nofollow\">Twitter for iPhone</a>","truncated":false,"in_reply_to_status_id":null,"in_reply_to_status_id_str":null,"in_reply_to_user_id":null,"in_reply_to_user_id_str":null,"in_reply_to_screen_name":null,"user":{"id":492646880,"id_str":"492646880","name":"Edgar Arechiga","screen_name":"EdgarArechiga96","location":"Chicago ","url":null,"description":"Bullets talk where im from \nTrillinios","protected":false,"followers_count":270,"friends_count":120,"listed_count":0,"created_at":"Tue Feb 14 23:38:15 +0000 2012","favourites_count":4440,"utc_offset":-21600,"time_zone":"Central Time (US & Canada)","geo_enabled":true,"verified":false,"statuses_count":11976,"lang":"en","contributors_enabled":false,"is_translator":false,"is_translation_enabled":false,"profile_background_color":"C0DEED","profile_background_image_url":"http://abs.twimg.com/images/themes/theme1/bg.png","profile_background_image_url_https":"https://abs.twimg.com/images/themes/theme1/bg.png","profile_background_tile":false,"profile_image_url":"http://pbs.twimg.com/profile_images/437806574979915776/89RWlhef_normal.jpeg","profile_image_url_https":"https://pbs.twimg.com/profile_images/437806574979915776/89RWlhef_normal.jpeg","profile_banner_url":"https://pbs.twimg.com/profile_banners/492646880/1392015404","profile_link_color":"0084B4","profile_sidebar_border_color":"C0DEED","profile_sidebar_fill_color":"DDEEF6","profile_text_color":"333333","profile_use_background_image":true,"default_profile":true,"default_profile_image":false,"following":null,"follow_request_sent":null,"notifications":null},"geo":null,"coordinates":null,"place":null,"contributors":null,"retweeted_status":{"created_at":"Thu Mar 06 03:24:43 +0000 2014","id":441414042263904260,"id_str":"441414042263904257","text":"😂😂🙈 http://t.co/DcpMrl5JC4","source":"web","truncated":false,"in_reply_to_status_id":null,"in_reply_to_status_id_str":null,"in_reply_to_user_id":null,"in_reply_to_user_id_str":null,"in_reply_to_screen_name":null,"user":{"id":57838735,"id_str":"57838735","name":"Milk ","screen_name":"miilkkk","location":"NYC","url":"http://www.pricklypoison.com/","description":"Living the PRICK life and laughing...BECOME A PRICK #Proudprick planetyeeloy@gmail.com","protected":false,"followers_count":736534,"friends_count":49297,"listed_count":2814,"created_at":"Sat Jul 18 03:11:55 +0000 2009","favourites_count":77,"utc_offset":-28800,"time_zone":"Pacific Time (US & Canada)","geo_enabled":true,"verified":false,"statuses_count":59470,"lang":"en","contributors_enabled":false,"is_translator":false,"is_translation_enabled":false,"profile_background_color":"030303","profile_background_image_url":"http://pbs.twimg.com/profile_background_images/378800000166704644/i_kvPgmq.png","profile_background_image_url_https":"https://pbs.twimg.com/profile_background_images/378800000166704644/i_kvPgmq.png","profile_background_tile":false,"profile_image_url":"http://pbs.twimg.com/profile_images/1661162069/MILKk_normal.jpg","profile_image_url_https":"https://pbs.twimg.com/profile_images/1661162069/MILKk_normal.jpg","profile_banner_url":"https://pbs.twimg.com/profile_banners/57838735/1389502461","profile_link_color":"B30000","profile_sidebar_border_color":"FFFFFF","profile_sidebar_fill_color":"120D0C","profile_text_color":"F21308","profile_use_background_image":true,"default_profile":false,"default_profile_image":false,"following":null,"follow_request_sent":null,"notifications":null},"geo":null,"coordinates":null,"place":null,"contributors":null,"retweet_count":712,"favorite_count":829,"entities":{"hashtags":[],"symbols":[],"urls":[],"user_mentions":[],"media":[{"id":441414042268098560,"id_str":"441414042268098560","indices":[4,26],"media_url":"http://pbs.twimg.com/media/BiA3u5RCYAAv6oo.jpg","media_url_https":"https://pbs.twimg.com/media/BiA3u5RCYAAv6oo.jpg","url":"http://t.co/DcpMrl5JC4","display_url":"pic.twitter.com/DcpMrl5JC4","expanded_url":"http://twitter.com/miilkkk/status/441414042263904257/photo/1","type":"photo","sizes":{"large":{"w":584,"h":723,"resize":"fit"},"thumb":{"w":150,"h":150,"resize":"crop"},"small":{"w":340,"h":421,"resize":"fit"},"medium":{"w":584,"h":723,"resize":"fit"}}}]},"favorited":false,"retweeted":false,"possibly_sensitive":true,"lang":"und"},"retweet_count":0,"favorite_count":0,"entities":{"hashtags":[],"symbols":[],"urls":[],"user_mentions":[{"screen_name":"miilkkk","name":"Milk ","id":57838735,"id_str":"57838735","indices":[3,11]}],"media":[{"id":441414042268098560,"id_str":"441414042268098560","indices":[17,39],"media_url":"http://pbs.twimg.com/media/BiA3u5RCYAAv6oo.jpg","media_url_https":"https://pbs.twimg.com/media/BiA3u5RCYAAv6oo.jpg","url":"http://t.co/DcpMrl5JC4","display_url":"pic.twitter.com/DcpMrl5JC4","expanded_url":"http://twitter.com/miilkkk/status/441414042263904257/photo/1","type":"photo","sizes":{"large":{"w":584,"h":723,"resize":"fit"},"thumb":{"w":150,"h":150,"resize":"crop"},"small":{"w":340,"h":421,"resize":"fit"},"medium":{"w":584,"h":723,"resize":"fit"}}}]},"favorited":false,"retweeted":false,"possibly_sensitive":false,"filter_level":"medium","lang":"und"},{"created_at":"Thu Mar 06 03:31:25 +0000 2014","id":441415729414701060,"id_str":"441415729414701056","text":"RT @toorijohnson: Bed right now is srsly the best thing","source":"<a href=\"http://twitter.com/download/iphone\" rel=\"nofollow\">Twitter for iPhone</a>","truncated":false,"in_reply_to_status_id":null,"in_reply_to_status_id_str":null,"in_reply_to_user_id":null,"in_reply_to_user_id_str":null,"in_reply_to_screen_name":null,"user":{"id":2360080019,"id_str":"2360080019","name":"Jenna williams","screen_name":"blackoakers1","location":"","url":null,"description":null,"protected":false,"followers_count":18,"friends_count":53,"listed_count":0,"created_at":"Sun Feb 23 04:37:19 +0000 2014","favourites_count":17,"utc_offset":null,"time_zone":null,"geo_enabled":false,"verified":false,"statuses_count":21,"lang":"en","contributors_enabled":false,"is_translator":false,"is_translation_enabled":false,"profile_background_color":"C0DEED","profile_background_image_url":"http://abs.twimg.com/images/themes/theme1/bg.png","profile_background_image_url_https":"https://abs.twimg.com/images/themes/theme1/bg.png","profile_background_tile":false,"profile_image_url":"http://pbs.twimg.com/profile_images/438157527692623873/BqmzYsCm_normal.jpeg","profile_image_url_https":"https://pbs.twimg.com/profile_images/438157527692623873/BqmzYsCm_normal.jpeg","profile_banner_url":"https://pbs.twimg.com/profile_banners/2360080019/1393299869","profile_link_color":"0084B4","profile_sidebar_border_color":"C0DEED","profile_sidebar_fill_color":"DDEEF6","profile_text_color":"333333","profile_use_background_image":true,"default_profile":true,"default_profile_image":false,"following":null,"follow_request_sent":null,"notifications":null},"geo":null,"coordinates":null,"place":null,"contributors":null,"retweeted_status":{"created_at":"Thu Mar 06 02:26:30 +0000 2014","id":441399391983644700,"id_str":"441399391983644672","text":"Bed right now is srsly the best thing","source":"<a href=\"http://twitter.com/download/iphone\" rel=\"nofollow\">Twitter for iPhone</a>","truncated":false,"in_reply_to_status_id":null,"in_reply_to_status_id_str":null,"in_reply_to_user_id":null,"in_reply_to_user_id_str":null,"in_reply_to_screen_name":null,"user":{"id":123316167,"id_str":"123316167","name":"Tori Johnson","screen_name":"toorijohnson","location":"","url":null,"description":"Nothing gold can stay ✨","protected":false,"followers_count":812,"friends_count":383,"listed_count":34,"created_at":"Mon Mar 15 18:12:22 +0000 2010","favourites_count":844,"utc_offset":-21600,"time_zone":"Central Time (US & Canada)","geo_enabled":false,"verified":false,"statuses_count":4067,"lang":"en","contributors_enabled":false,"is_translator":false,"is_translation_enabled":false,"profile_background_color":"5858F0","profile_background_image_url":"http://pbs.twimg.com/profile_background_images/501433179/X4T877GGT_480.jpg","profile_background_image_url_https":"https://pbs.twimg.com/profile_background_images/501433179/X4T877GGT_480.jpg","profile_background_tile":true,"profile_image_url":"http://pbs.twimg.com/profile_images/437796510605254656/Roou4yDr_normal.jpeg","profile_image_url_https":"https://pbs.twimg.com/profile_images/437796510605254656/Roou4yDr_normal.jpeg","profile_banner_url":"https://pbs.twimg.com/profile_banners/123316167/1393560947","profile_link_color":"0A0A0A","profile_sidebar_border_color":"FFFFFF","profile_sidebar_fill_color":"FFFFFF","profile_text_color":"707070","profile_use_background_image":true,"default_profile":false,"default_profile_image":false,"following":null,"follow_request_sent":null,"notifications":null},"geo":null,"coordinates":null,"place":null,"contributors":null,"retweet_count":2,"favorite_count":0,"entities":{"hashtags":[],"symbols":[],"urls":[],"user_mentions":[]},"favorited":false,"retweeted":false,"lang":"en"},"retweet_count":0,"favorite_count":0,"entities":{"hashtags":[],"symbols":[],"urls":[],"user_mentions":[{"screen_name":"toorijohnson","name":"Tori Johnson","id":123316167,"id_str":"123316167","indices":[3,16]}]},"favorited":false,"retweeted":false,"filter_level":"medium","lang":"en"},{"created_at":"Thu Mar 06 03:31:25 +0000 2014","id":441415729444032500,"id_str":"441415729444032512","text":"@bloodforrivals VLW, VLW, TUDO EM DOBRO PRA VOCÊ... NHA &gt;&lt;","source":"web","truncated":false,"in_reply_to_status_id":441414452345585660,"in_reply_to_status_id_str":"441414452345585664","in_reply_to_user_id":434153806,"in_reply_to_user_id_str":"434153806","in_reply_to_screen_name":"bloodforrivals","user":{"id":444914467,"id_str":"444914467","name":"Legolas","screen_name":"DihMPX","location":"","url":null,"description":"Gamer, idiota, doces, chocolates... Legal (ou não) kkk, e já ta bom né xD","protected":false,"followers_count":174,"friends_count":487,"listed_count":0,"created_at":"Fri Dec 23 19:56:51 +0000 2011","favourites_count":183,"utc_offset":-10800,"time_zone":"Brasilia","geo_enabled":false,"verified":false,"statuses_count":10264,"lang":"pt","contributors_enabled":false,"is_translator":false,"is_translation_enabled":false,"profile_background_color":"131516","profile_background_image_url":"http://pbs.twimg.com/profile_background_images/378800000122708213/bac9df4f837f5c2d64ca25fe58f16b8f.jpeg","profile_background_image_url_https":"https://pbs.twimg.com/profile_background_images/378800000122708213/bac9df4f837f5c2d64ca25fe58f16b8f.jpeg","profile_background_tile":true,"profile_image_url":"http://pbs.twimg.com/profile_images/418537872296140801/v1w_1-Uo_normal.jpeg","profile_image_url_https":"https://pbs.twimg.com/profile_images/418537872296140801/v1w_1-Uo_normal.jpeg","profile_banner_url":"https://pbs.twimg.com/profile_banners/444914467/1385520404","profile_link_color":"009999","profile_sidebar_border_color":"000000","profile_sidebar_fill_color":"EFEFEF","profile_text_color":"333333","profile_use_background_image":true,"default_profile":false,"default_profile_image":false,"following":null,"follow_request_sent":null,"notifications":null},"geo":null,"coordinates":null,"place":null,"contributors":null,"retweet_count":0,"favorite_count":0,"entities":{"hashtags":[],"symbols":[],"urls":[],"user_mentions":[{"screen_name":"bloodforrivals","name":"Isabella","id":434153806,"id_str":"434153806","indices":[0,15]}]},"favorited":false,"retweeted":false,"filter_level":"medium","lang":"pt"}]}