[
  {
    "name": "French",
    "code": "fr",
    "status": "production"
  },
  {
    "name": "English",
    "code": "en",
    "status": "production"
  },
  {
    "name": "Arabic",
    "code": "ar",
    "status": "production"
  },
  {
    "name": "Japanese",
    "code": "ja",
    "status": "production"
  },
  {
    "name": "Spanish",
    "code": "es",
    "status": "production"
  },
  {
    "name": "German",
    "code": "de",
    "status": "production"
  },
  {
    "name": "Italian",
    "code": "it",
    "status": "production"
  },
  {
    "name": "Indonesian",
    "code": "id",
    "status": "production"
  },
  {
    "name": "Portuguese",
    "code": "pt",
    "status": "production"
  },
  {
    "name": "Korean",
    "code": "ko",
    "status": "production"
  },
  {
    "name": "Turkish",
    "code": "tr",
    "status": "production"
  },
  {
    "name": "Russian",
    "code": "ru",
    "status": "production"
  },
  {
    "name": "Dutch",
    "code": "nl",
    "status": "production"
  },
  {
    "name": "Filipino",
    "code": "fil",
    "status": "production"
  },
  {
    "name": "Malay",
    "code": "msa",
    "status": "production"
  },
  {
    "name": "Traditional Chinese",
    "code": "zh-tw",
    "status": "production"
  },
  {
    "name": "Simplified Chinese",
    "code": "zh-cn",
    "status": "production"
  },
  {
    "name": "Hindi",
    "code": "hi",
    "status": "production"
  },
  {
    "name": "Norwegian",
    "code": "no",
    "status": "production"
  },
  {
    "name": "Swedish",
    "code": "sv",
    "status": "production"
  },
  {
    "name": "Finnish",
    "code": "fi",
    "status": "production"
  },
  {
    "name": "Danish",
    "code": "da",
    "status": "production"
  },
  {
    "name": "Polish",
    "code": "pl",
    "status": "production"
  },
  {
    "name": "Hungarian",
    "code": "hu",
    "status": "production"
  },
  {
    "name": "Farsi",
    "code": "fa",
    "status": "production"
  },
  {
    "name": "Hebrew",
    "code": "he",
    "status": "production"
  },
  {
    "name": "Urdu",
    "code": "ur",
    "status": "production"
  },
  {
    "name": "Thai",
    "code": "th",
    "status": "production"
  }
]